"","odwolane","nieodwolane","[,1]/[,2] %"
"2003",98651,6176311,1.59724793651097
"2004",123272,6772031,1.82031062763889
"2005",129552,6775084,1.91218293382045
"2006",116739,6786455,1.72017643968758
"2007",151700,7056988,2.14964231198919
"2008",62678,2247448,2.78885206687763
