"","odwolane","nieodwolane","[,1]/[,2] %"
"2003",713,181339,0.393186242341692
"2004",781,185062,0.422020728188391
"2005",848,180289,0.47035592853696
"2006",611,187124,0.326521451016438
"2007",700,189392,0.369603784742756
"2008",346,60424,0.572620150933404
