"","odwolane","nieodwolane","[,1]/[,2] %"
"2003",98622,6206498,1.58901203222816
"2004",124180,6812639,1.82278849649893
"2005",130136,6816692,1.90907847970834
"2006",118754,6826601,1.73957728011349
"2007",156591,7105827,2.20369845761795
"2008",62418,2259034,2.76303942304543
